link,status,name,n
Ppemm1Sr,on_going,arsh,['arsh']
LLaBZkFA,on_going,arsh,['arsh']
LH6ZWQNq,on_going,arsh,['arsh']
M4R2YTUT,on_going,arsh,['arsh']
r18G12rn,on_going,arsh,['arsh']
Lu7veqcV,on_going,arsh,['arsh']
6AZOnPgF,on_going,arsh,['arsh']
X7t6fRY5,on_going,arsh,['arsh']
UQeJlEMT,on_going,arsh,['arsh']
22Yuq15D,on_going,arsh,['arsh']
Kh62QLMn,on_going,arsh,['arsh']
pxxHSIyb,on_going,arsh,['arsh']
h7nptF9d,on_going,arsh,['arsh']
hr4uUp7y,on_going,arsh,['arsh']
LFuEZJGF,on_going,arsh,['arsh']
yN7lMHS9,on_going,arsh,['arsh']
